{"graph": {"_type": "graph-file", "path": "media/graph/graph_summary_4a020e4820059a25786e.graph.json", "sha256": "4a020e4820059a25786ecb7fe0cb53783a7b51ca6939db24b4d09ad3485fce1a", "size": 57603}, "epoch": 14, "_timestamp": 1648393665, "_runtime": 2025, "loss": 0.0934181734919548, "accuracy": 0.9667250514030457, "val_loss": 0.22393178939819336, "val_accuracy": 0.9323529601097107, "_step": 14, "best_val_loss": 0.1970231682062149, "best_epoch": 13, "_wandb": {"runtime": 2024}}