{"graph": {"_type": "graph-file", "path": "media/graph/graph_summary_8bb0e78ceac02fa5ba8c.graph.json", "sha256": "8bb0e78ceac02fa5ba8c312afa3a508c0dd77101e8ecade542234f97475a5d6f", "size": 30552}, "epoch": 14, "_timestamp": 1648389775, "_runtime": 1360, "loss": 0.04200974479317665, "accuracy": 0.9880910515785217, "val_loss": 0.13022024929523468, "val_accuracy": 0.9735293984413147, "_step": 14, "best_val_loss": 0.13022024929523468, "best_epoch": 14, "_wandb": {"runtime": 1360}}