{"graph": {"_type": "graph-file", "path": "media/graph/graph_summary_8bb0e78ceac02fa5ba8c.graph.json", "sha256": "8bb0e78ceac02fa5ba8c312afa3a508c0dd77101e8ecade542234f97475a5d6f", "size": 30552}, "epoch": 1, "_timestamp": 1648382343, "_runtime": 207, "loss": 0.6520648002624512, "accuracy": 0.8077057600021362, "val_loss": 0.36393827199935913, "val_accuracy": 0.8735294342041016, "_step": 1, "best_val_loss": 0.36393827199935913, "best_epoch": 1}