{"graph": {"_type": "graph-file", "path": "media/graph/graph_summary_8bb0e78ceac02fa5ba8c.graph.json", "sha256": "8bb0e78ceac02fa5ba8c312afa3a508c0dd77101e8ecade542234f97475a5d6f", "size": 30552}, "epoch": 0, "_timestamp": 1648382593, "_runtime": 102, "loss": 2.0973775386810303, "accuracy": 0.48546409606933594, "val_loss": 0.6572557687759399, "val_accuracy": 0.8352941274642944, "_step": 0, "best_val_loss": 0.6572557687759399, "best_epoch": 0}