{"graph": {"_type": "graph-file", "path": "media/graph/graph_summary_11883ab7ed5a305a6e2c.graph.json", "sha256": "11883ab7ed5a305a6e2c2837567d473819f9eb50afcb1cfc244c347f4e555eda", "size": 30518}, "epoch": 29, "_timestamp": 1648619830, "_runtime": 30888, "loss": 0.4768623411655426, "accuracy": 0.8492079377174377, "val_loss": 3.707061529159546, "val_accuracy": 0.49465346336364746, "_step": 29, "best_val_loss": 1.7929242849349976, "best_epoch": 4, "_wandb": {"runtime": 30887}}