{"graph": {"_type": "graph-file", "path": "media/graph/graph_summary_8bb0e78ceac02fa5ba8c.graph.json", "sha256": "8bb0e78ceac02fa5ba8c312afa3a508c0dd77101e8ecade542234f97475a5d6f", "size": 30552}, "epoch": 7, "_timestamp": 1648387070, "_runtime": 805, "loss": 0.09792335331439972, "accuracy": 0.9751313328742981, "val_loss": 0.19379869103431702, "val_accuracy": 0.9529411792755127, "_step": 7, "best_val_loss": 0.17383572459220886, "best_epoch": 6}