{"graph": {"_type": "graph-file", "path": "media/graph/graph_summary_8bb0e78ceac02fa5ba8c.graph.json", "sha256": "8bb0e78ceac02fa5ba8c312afa3a508c0dd77101e8ecade542234f97475a5d6f", "size": 30552}, "epoch": 14, "_timestamp": 1648384092, "_runtime": 1439, "loss": 0.04455401748418808, "accuracy": 0.985989511013031, "val_loss": 0.12529325485229492, "val_accuracy": 0.9676470756530762, "_step": 14, "best_val_loss": 0.12383420765399933, "best_epoch": 12, "_wandb": {"runtime": 1438}}