{"graph": {"_type": "graph-file", "path": "media/graph/graph_summary_a544685d59882eec3281.graph.json", "sha256": "a544685d59882eec32810bec31503a5e8f1975967033df5570e6d6ccc2e71136", "size": 38776}, "epoch": 14, "_timestamp": 1648398546, "_runtime": 3323, "loss": 0.04050586000084877, "accuracy": 0.985989511013031, "val_loss": 0.19674527645111084, "val_accuracy": 0.9588235020637512, "_step": 14, "best_val_loss": 0.1574973315000534, "best_epoch": 10, "_wandb": {"runtime": 3322}}